0,0000072752195592329
0,0000106710467662197
0,0000138978411996504
0,0000037871029689995
0,0000019337185221957
0,0000052116283768555
0,0000082615497376537
0,0000035488069443090
0,0000067487467276806
0,0000067445093918650
0,0000064503406065342
0,0000085300289356383
0,0000000000000000000
0,0000060032803048671
0,0000096765852504177
0,0000074376571319590
0,0000062357312344830
0,0000051925080697401
0,0000076855621955474
0,0000020692516500276
0,0000088006154328468
0,0000075876596383750
0,0000074311715252406
0,0000098230375442654
0,0000119169180834433
0,0000080712106864667
0,0000115245784400031
0,0000116729197543464
0,0000177078964043176
0,0000205992873816285
0,0000261292425420834
0,0000313687778543681
0,0000351386879628990
0,0000392693364119623
0,0000522547852597199
0,0000627207919023931
0,0000775370717747137
0,0000983823265414685
0,0001246856409125030
0,0001534968032501640
0,0001836542069213460
0,0002205441269325090
0,0002656111028045420
0,0003192269359715280
0,0003839333658106630
0,0004624605935532600
0,0005532836075872180
0,0006629764102399350
0,0007843857747502630
0,0009151942213065920
0,0010795854032039600
0,0012735755881294600
0,0014972388744354200
0,0017472119070589500
0,0020395580213517000
0,0023625367321074000
0,0027835019864141900
0,0031867860816419100
0,0036280108615756000
0,0041008535772562000
0,0046403291635215300
0,0051355357281863700
0,0056050173006951800
0,0060182553716003900
0,0064210193231701900
0,0067046112380921800
0,0068772425875067700
0,0069839186035096600
0,0069473627954721500
0,0068829706870019400
0,0067755966447293800
0,0066056568175554300
0,0064066983759403200
0,0062440470792353200
0,0060892044566571700
0,0059850816614925900
0,0059271422214806100
0,0059201628901064400
0,0059446571394801100
0,0060043162666261200
0,0060714259743690500
0,0061997408047318500
0,0063013583421707200
0,0064090890809893600
0,0064907083287835100
0,0065572033636272000
0,0066086300648748900
0,0066093164496123800
0,0065496666356921200
0,0064519406296312800
0,0063304258510470400
0,0061619956977665400
0,0059690251946449300
0,0057668299414217500
0,0054891142062842900
0,0052547655068337900
0,0050179758109152300
0,0048035620711743800
0,0045686671510338800
0,0043800026178360000
0,0042337444610893700
0,0041006361134350300
0,0039710281416773800
0,0038701144512742800
0,0038129298482090200
0,0037618970964103900
0,0037346386816352600
0,0037112736608833100
0,0037232234608382000
0,0037494020070880700
0,0037947895471006600
0,0038617874961346400
0,0039610015228390700
0,0040619806386530400
0,0041852695867419200
0,0043162587098777300
0,0045151375234127000
0,0047076819464564300
0,0049049393273890000
0,0051535996608436100
0,0054064444266259700
0,0056603583507239800
0,0059385765343904500
0,0062344400212168700
0,0065153790637850800
0,0068343468010425600
0,0071326685138046700
0,0074306558817625100
0,0077122920192778100
0,0080058733001351400
0,0082651441916823400
0,0085290884599089600
0,0087470915168523800
0,0089483801275491700
0,0091113783419132200
0,0092665469273924800
0,0093853091821074500
0,0094476100057363500
0,0095041701570153200
0,0094952695071697200
0,0094635030254721600
0,0093991039320826500
0,0093264169991016400
0,0092026498168706900
0,0090640513226389900
0,0089042298495769500
0,0087549416348338100
0,0085305375978350600
0,0083402749150991400
0,0081492066383361800
0,0079519208520650900
0,0077276988886296800
0,0075348112732172000
0,0073465439490974000
0,0071404124610126000
0,0069648721255362000
0,0067732119932770700
0,0066112065687775600
0,0064489380456507200
0,0062886332161724600
0,0061409617774188500
0,0059936526231467700
0,0058573279529810000
0,0057251155376434300
0,0056057600304484400
0,0054843383841216600
0,0053824339993298100
0,0052705197595059900
0,0051694232970476200
0,0050836126320064100
0,0050041261129081300
0,0048950151540339000
0,0048285145312547700
0,0047541288658976600
0,0046895379200577700
0,0046263872645795300
0,0045658629387617100
0,0045141843147575900
0,0044733774848282300
0,0044274372048676000
0,0043697678484022600
0,0043465606868267100
0,0043064565397799000
0,0042748935520649000
0,0042520221322774900
0,0042205774225294600
0,0041955495253205300
0,0041642701253294900
0,0041453875601291700
0,0041255890391767000
0,0041119093075394600
0,0040908292867243300
0,0040835221298039000
0,0040686498396098600
0,0040547517128288800
0,0040389411151409200
0,0040334071964025500
0,0040288935415446800
0,0040248967707157100
0,0040135593153536300
0,0039993766695261000
0,0039900955744087700
0,0039783245883882100
0,0039775855839252500
0,0039736735634505800
0,0039591044187545800
0,0039609516970813300
0,0039455308578908400
0,0039396383799612500
0,0039352960884571100
0,0039278455078601800
0,0039208754897117600
0,0039088185876607900
0,0038996378425508700
0,0038963002152741000
0,0038925309199839800
0,0038893651217222200
0,0038838370237499500
0,0038606009911745800
0,0038547283038497000
0,0038452779408544300
0,0038381845224648700
0,0038188199978321800
0,0038131987676024400
0,0037979343906045000
0,0037880789022892700
0,0037911508698016400
0,0037721623666584500
0,0037584053352475200
0,0037389155477285400
0,0037336132954806100
0,0037200811784714500
0,0037115700542926800
0,0036911948118358900
0,0036804124247282700
0,0036681820638477800
0,0036515302490443000
0,0036480338312685500
0,0036300539504736700
0,0036191227845847600
0,0036066169850528200
0,0035936681088060100
0,0035814694128930600
0,0035755457356572200
0,0035825395025312900
0,0035662462469190400
0,0035550286993384400
0,0035582971759140500
0,0035469264257699300
0,0035421741195023100
0,0035460463259369100
0,0035299565643072100
0,0035119084641337400
0,0034955190494656600
0,0034694648347795000
0,0034266551956534400
0,0033898665569722700
0,0033362265676260000
0,0032915573101490700
0,0032319277524948100
0,0031718020327389200
0,0031143159139901400
0,0030607266817241900
0,0029980861581862000
0,0029615883249789500
0,0029123337008059000
0,0028746798634529100
0,0028302727732807400
0,0027893756050616500
0,0027511813677847400
0,0027124790940433700
0,0026733854319900300
0,0026476094499230400
0,0026108880992978800
0,0025771735236048700
0,0025414100382477000
0,0025135483592748600
0,0024817895609885500
0,0024486698675900700
0,0024177695158869000
0,0023860274814069300
0,0023598624393343900
0,0023231655359268200
0,0022920051123946900
0,0022605736739933500
0,0022325271274894500
0,0022003944031894200
0,0021740170195698700
0,0021426365710794900
0,0021028066985309100
0,0020774742588400800
0,0020459771621972300
0,0020159878768026800
0,0019926964305341200
0,0019662845879793200
0,0019420271273702400
0,0019060989143326900
0,0018798285163939000
0,0018465704051777700
0,0018218088662251800
0,0017983553698286400
0,0017720437608659300
0,0017365681705996400
0,0017114636721089500
0,0016832121182233100
0,0016598935471847700
0,0016276686219498500
0,0016083503141999200
0,0015803643036633700
0,0015542091568931900
0,0015245926333591300
0,0014987944159656800
0,0014760288177058100
0,0014576301909983200
0,0014331853017211000
0,0014076353982091000
0,0013824490597471600
0,0013621655525639700
0,0013368024956435000
0,0013092041481286300
0,0012849761405959700
0,0012614763109013400
0,0012399557745084200
0,0012275277404114600
0,0011932658962905400
0,0011762875365093400
0,0011531485943123700
0,0011286720400676100
0,0011115762172266800
0,0010989250149577900
0,0010713430820033000
0,0010490146232768900
0,0010301623260602400
0,0010012928396463400
0,0009896905394271020
0,0009726907592266800
0,0009505886118859050
0,0009377931710332630
0,0009206172544509170
0,0009026664192788300
0,0008781903889030220
0,0008650054223835470
0,0008480587857775390
0,0008316429448314010
0,0008192268433049320
0,0007993935723789040
0,0007825403008610010
0,0007760343141853810
0,0007549464935436850
0,0007336728158406910
0,0007187068695202470
0,0007022031932137910
0,0006864612805657090
0,0006743978592567150
0,0006631811847910290
0,0006504838820546870
0,0006331673357635740
0,0006259849178604780
0,0006111440015956760
0,0006052777171134950
0,0005872981855645780
0,0005637369467876850
0,0005609595682471990
0,0005524384905584160
0,0005380418733693660
0,0005331700667738910
0,0005197285790927710
0,0005040568648837510
0,0004981764359399680
0,0004867823154199870
0,0004807886143680660
0,0004714669194072490
0,0004574248450808230
0,0004469969426281750
0,0004395106516312810
0,0004298987041693180
0,0004282486625015740
0,0004163551202509550
0,0004087301786057650
0,0004009073891211300
0,0003886123886331920
0,0003675978514365850
0,0003732940240297470
0,0003612289438024160
0,0003615398018155250
0,0003571524575818330
0,0003437522682361310
0,0003343690768815580
0,0003239827346988020
0,0003172800934407860
0,0003281866374891250
0,0003188174741808330
0,0002992656955029820
0,0002819153596647080
0,0002779132628347720
0,0002768504200503230
0,0002845675626304000
0,0002698156167753040
0,0002642424078658220
0,0002559383574407550
0,0002471698098815980
