participant_id,participant_number,illuminant,time_seconds,trial_within_illuminant,selected_chip,correct,selection_valid
P01,1,Red,20,1,S05G,0,1
P01,1,Blue,20,1,S05N,1,1
P01,1,D65,20,1,S05B50G,0,1
P01,1,Green,20,1,S05N,1,1
P01,1,Red,40,2,S05B50G,0,1
P01,1,Blue,40,2,S05N,1,1
P01,1,D65,40,2,S05G,0,1
P01,1,Green,40,2,S05N,1,1
P01,1,Red,60,3,S05B50G,0,1
P01,1,Blue,60,3,S05R50B,0,1
P01,1,D65,60,3,S05N,1,1
P01,1,Green,60,3,S05N,1,1
P01,1,Red,80,4,S05G,0,1
P01,1,Blue,80,4,S05N,1,1
P01,1,D65,80,4,S05N,1,1
P01,1,Green,80,4,S05N,1,1
P01,1,Red,100,5,S05B50G,0,1
P01,1,Blue,100,5,S05N,1,1
P01,1,D65,100,5,S05N,1,1
P01,1,Green,100,5,S05N,1,1
P01,1,Red,120,6,S05N,1,1
P01,1,Blue,120,6,S05N,1,1
P01,1,D65,120,6,S05N,1,1
P01,1,Green,120,6,S05N,1,1
P02,2,D65,20,1,S05N,1,1
P02,2,Green,20,1,S05R50B,0,1
P02,2,Blue,20,1,S05N,1,1
P02,2,Red,20,1,S05G,0,1
P02,2,D65,40,2,S05R50B,0,1
P02,2,Green,40,2,S05R50B,0,1
P02,2,Blue,40,2,S05N,1,1
P02,2,Red,40,2,S05G,0,1
P02,2,D65,60,3,S05N,1,1
P02,2,Green,60,3,S05R50B,0,1
P02,2,Blue,60,3,S05N,1,1
P02,2,Red,60,3,S05N,1,1
P02,2,D65,80,4,S05N,1,1
P02,2,Green,80,4,S05R50B,0,1
P02,2,Blue,80,4,S05N,1,1
P02,2,Red,80,4,S05N,1,1
P02,2,D65,100,5,S05N,1,1
P02,2,Green,100,5,S05R50B,0,1
P02,2,Blue,100,5,S05N,1,1
P02,2,Red,100,5,S05N,1,1
P02,2,D65,120,6,S05N,1,1
P02,2,Green,120,6,S05N,1,1
P02,2,Blue,120,6,S05N,1,1
P02,2,Red,120,6,S05N,1,1
P03,3,Blue,20,1,S05R50B,0,1
P03,3,Red,20,1,S05G,0,1
P03,3,Green,20,1,S05R50B,0,1
P03,3,D65,20,1,S05B50G,0,1
P03,3,Blue,40,2,S05R,0,1
P03,3,Red,40,2,S05B50G,0,1
P03,3,Green,40,2,S05R50B,0,1
P03,3,D65,40,2,S05N,1,1
P03,3,Blue,60,3,S05N,1,1
P03,3,Red,60,3,S05B50G,0,1
P03,3,Green,60,3,S05R50B,0,1
P03,3,D65,60,3,S05N,1,1
P03,3,Blue,80,4,S05N,1,1
P03,3,Red,80,4,S05B50G,0,1
P03,3,Green,80,4,S05R50B,0,1
P03,3,D65,80,4,S05N,1,1
P03,3,Blue,100,5,S05N,1,1
P03,3,Red,100,5,S05B50G,0,1
P03,3,Green,100,5,S05R50B,0,1
P03,3,D65,100,5,S05N,1,1
P03,3,Blue,120,6,S05B50G,0,1
P03,3,Red,120,6,S05B50G,0,1
P03,3,Green,120,6,S05R50B,0,1
P03,3,D65,120,6,S05R,0,1
P04,4,Green,20,1,S05R,0,1
P04,4,Blue,20,1,S05G50Y,0,1
P04,4,D65,20,1,S05R50B,0,1
P04,4,Red,20,1,S05R50B,0,1
P04,4,Green,40,2,S05R,0,1
P04,4,Blue,40,2,S05N,1,1
P04,4,D65,40,2,S05N,1,1
P04,4,Red,40,2,S05N,1,1
P04,4,Green,60,3,error,0,0
P04,4,Blue,60,3,error,0,0
P04,4,D65,60,3,S05N,1,1
P04,4,Red,60,3,S05G,0,1
P04,4,Green,80,4,S05N,1,1
P04,4,Blue,80,4,S05N,1,1
P04,4,D65,80,4,S05N,1,1
P04,4,Red,80,4,S05N,1,1
P04,4,Green,100,5,S05R50B,0,1
P04,4,Blue,100,5,S05R,0,1
P04,4,D65,100,5,S05N,1,1
P04,4,Red,100,5,S05G50Y,0,1
P04,4,Green,120,6,S05N,1,1
P04,4,Blue,120,6,S05R,0,1
P04,4,D65,120,6,S05N,1,1
P04,4,Red,120,6,S05N,1,1
P05,5,Blue,20,1,S05R,0,1
P05,5,Green,20,1,S05R50B,0,1
P05,5,D65,20,1,S05N,1,1
P05,5,Red,20,1,S05G,0,1
P05,5,Blue,40,2,S05R,0,1
P05,5,Green,40,2,S05R50B,0,1
P05,5,D65,40,2,S05N,1,1
P05,5,Red,40,2,S05G,0,1
P05,5,Blue,60,3,S05N,1,1
P05,5,Green,60,3,S05R50B,0,1
P05,5,D65,60,3,S05N,1,1
P05,5,Red,60,3,S05N,1,1
P05,5,Blue,80,4,S05N,1,1
P05,5,Green,80,4,S05R,0,1
P05,5,D65,80,4,S05N,1,1
P05,5,Red,80,4,S05N,1,1
P05,5,Blue,100,5,S05R,0,1
P05,5,Green,100,5,S05R50B,0,1
P05,5,D65,100,5,S05N,1,1
P05,5,Red,100,5,S05R50B,0,1
P05,5,Blue,120,6,S05R,0,1
P05,5,Green,120,6,S05R50B,0,1
P05,5,D65,120,6,S05N,1,1
P05,5,Red,120,6,S05N,1,1
P06,6,D65,20,1,S05N,1,1
P06,6,Red,20,1,S05B,0,1
P06,6,Blue,20,1,S05R,0,1
P06,6,Green,20,1,S05R50B,0,1
P06,6,D65,40,2,S05R50B,0,1
P06,6,Red,40,2,S05B50G,0,1
P06,6,Blue,40,2,S05R,0,1
P06,6,Green,40,2,S05B,0,1
P06,6,D65,60,3,S05R50B,0,1
P06,6,Red,60,3,S05B50G,0,1
P06,6,Blue,60,3,S05N,1,1
P06,6,Green,60,3,S05R50B,0,1
P06,6,D65,80,4,S05B50G,0,1
P06,6,Red,80,4,S05G,0,1
P06,6,Blue,80,4,S05N,1,1
P06,6,Green,80,4,S05R50B,0,1
P06,6,D65,100,5,S05N,1,1
P06,6,Red,100,5,S05G,0,1
P06,6,Blue,100,5,S05R,0,1
P06,6,Green,100,5,S05B50G,0,1
P06,6,D65,120,6,S05N,1,1
P06,6,Red,120,6,S05G,0,1
P06,6,Blue,120,6,S05R,0,1
P06,6,Green,120,6,S05R50B,0,1
P07,7,Green,20,1,S05R50B,0,1
P07,7,Red,20,1,S05G,0,1
P07,7,D65,20,1,S05N,1,1
P07,7,Blue,20,1,S05N,1,1
P07,7,Green,40,2,S05R50B,0,1
P07,7,Red,40,2,S05G,0,1
P07,7,D65,40,2,S05N,1,1
P07,7,Blue,40,2,S05N,1,1
P07,7,Green,60,3,S05N,1,1
P07,7,Red,60,3,S05G,0,1
P07,7,D65,60,3,S05N,1,1
P07,7,Blue,60,3,S05N,1,1
P07,7,Green,80,4,S05N,1,1
P07,7,Red,80,4,S05N,1,1
P07,7,D65,80,4,S05N,1,1
P07,7,Blue,80,4,S05N,1,1
P07,7,Green,100,5,S05N,1,1
P07,7,Red,100,5,S05N,1,1
P07,7,D65,100,5,S05N,1,1
P07,7,Blue,100,5,S05N,1,1
P07,7,Green,120,6,S05R50B,0,1
P07,7,Red,120,6,S05N,1,1
P07,7,D65,120,6,S05N,1,1
P07,7,Blue,120,6,S05N,1,1
P08,8,Green,20,1,S05N,1,1
P08,8,Red,20,1,S05G,0,1
P08,8,Blue,20,1,S05N,1,1
P08,8,D65,20,1,S05B,0,1
P08,8,Green,40,2,S05N,1,1
P08,8,Red,40,2,S05B50G,0,1
P08,8,Blue,40,2,S05N,1,1
P08,8,D65,40,2,S05B50G,0,1
P08,8,Green,60,3,S05B,0,1
P08,8,Red,60,3,S05B,0,1
P08,8,Blue,60,3,S05G,0,1
P08,8,D65,60,3,S05B,0,1
P08,8,Green,80,4,S05N,1,1
P08,8,Red,80,4,S05B50G,0,1
P08,8,Blue,80,4,S05B50G,0,1
P08,8,D65,80,4,S05B,0,1
P08,8,Green,100,5,S05N,1,1
P08,8,Red,100,5,S05B50G,0,1
P08,8,Blue,100,5,S05N,1,1
P08,8,D65,100,5,S05B50G,0,1
P08,8,Green,120,6,S05N,1,1
P08,8,Red,120,6,S05B50G,0,1
P08,8,Blue,120,6,S05B,0,1
P08,8,D65,120,6,S05B50G,0,1
P09,9,Green,20,1,S05R50B,0,1
P09,9,Red,20,1,S05G,0,1
P09,9,D65,20,1,S05R50B,0,1
P09,9,Blue,20,1,error,0,0
P09,9,Green,40,2,S05G,0,1
P09,9,Red,40,2,S05B,0,1
P09,9,D65,40,2,S05B50G,0,1
P09,9,Blue,40,2,S05Y,0,1
P09,9,Green,60,3,S05B50G,0,1
P09,9,Red,60,3,S05B,0,1
P09,9,D65,60,3,S05N,1,1
P09,9,Blue,60,3,S05N,1,1
P09,9,Green,80,4,S05B50G,0,1
P09,9,Red,80,4,S05G,0,1
P09,9,D65,80,4,S05N,1,1
P09,9,Blue,80,4,S05N,1,1
P09,9,Green,100,5,S05B50G,0,1
P09,9,Red,100,5,S05G,0,1
P09,9,D65,100,5,S05N,1,1
P09,9,Blue,100,5,S05B,0,1
P09,9,Green,120,6,S05N,1,1
P09,9,Red,120,6,S05G,0,1
P09,9,D65,120,6,S05N,1,1
P09,9,Blue,120,6,S05N,1,1
P10,10,Green,20,1,S05R50B,0,1
P10,10,D65,20,1,S05B50G,0,1
P10,10,Blue,20,1,S05R,0,1
P10,10,Red,20,1,S05G,0,1
P10,10,Green,40,2,S05R,0,1
P10,10,D65,40,2,S05N,1,1
P10,10,Blue,40,2,S05N,1,1
P10,10,Red,40,2,S05G,0,1
P10,10,Green,60,3,S05R,0,1
P10,10,D65,60,3,S05N,1,1
P10,10,Blue,60,3,S05N,1,1
P10,10,Red,60,3,S05N,1,1
P10,10,Green,80,4,S05R,0,1
P10,10,D65,80,4,S05N,1,1
P10,10,Blue,80,4,S05N,1,1
P10,10,Red,80,4,S05G,0,1
P10,10,Green,100,5,S05N,1,1
P10,10,D65,100,5,S05N,1,1
P10,10,Blue,100,5,S05N,1,1
P10,10,Red,100,5,S05G,0,1
P10,10,Green,120,6,S05N,1,1
P10,10,D65,120,6,S05N,1,1
P10,10,Blue,120,6,S05N,1,1
P10,10,Red,120,6,S05B50G,0,1
P11,11,Green,20,1,S05R,0,1
P11,11,Red,20,1,S05B,0,1
P11,11,Blue,20,1,S05Y50R,0,1
P11,11,D65,20,1,S05R,0,1
P11,11,Green,40,2,S05R50B,0,1
P11,11,Red,40,2,S05B,0,1
P11,11,Blue,40,2,S05Y50R,0,1
P11,11,D65,40,2,S05R,0,1
P11,11,Green,60,3,S05R,0,1
P11,11,Red,60,3,S05G,0,1
P11,11,Blue,60,3,S05Y50R,0,1
P11,11,D65,60,3,S05R,0,1
P11,11,Green,80,4,S05R,0,1
P11,11,Red,80,4,S05G,0,1
P11,11,Blue,80,4,S05Y50R,0,1
P11,11,D65,80,4,S05N,1,1
P11,11,Green,100,5,S05R,0,1
P11,11,Red,100,5,S05G,0,1
P11,11,Blue,100,5,S05Y50R,0,1
P11,11,D65,100,5,S05R,0,1
P11,11,Green,120,6,S05R,0,1
P11,11,Red,120,6,S05G,0,1
P11,11,Blue,120,6,S05Y50R,0,1
P11,11,D65,120,6,S05R,0,1
P12,12,Red,20,1,S05G50Y,0,1
P12,12,D65,20,1,S05R,0,1
P12,12,Blue,20,1,S05Y50R,0,1
P12,12,Green,20,1,S05N,1,1
P12,12,Red,40,2,S05G50Y,0,1
P12,12,D65,40,2,S05N,1,1
P12,12,Blue,40,2,S05Y50R,0,1
P12,12,Green,40,2,S05N,1,1
P12,12,Red,60,3,S05G50Y,0,1
P12,12,D65,60,3,S05N,1,1
P12,12,Blue,60,3,S05Y50R,0,1
P12,12,Green,60,3,S05R,0,1
P12,12,Red,80,4,S05G50Y,0,1
P12,12,D65,80,4,S05N,1,1
P12,12,Blue,80,4,S05Y,0,1
P12,12,Green,80,4,S05N,1,1
P12,12,Red,100,5,S05G50Y,0,1
P12,12,D65,100,5,S05N,1,1
P12,12,Blue,100,5,S05Y50R,0,1
P12,12,Green,100,5,S05R,0,1
P12,12,Red,120,6,S05G50Y,0,1
P12,12,D65,120,6,S05N,1,1
P12,12,Blue,120,6,S05Y50R,0,1
P12,12,Green,120,6,S05R,0,1
P13,13,D65,20,1,S05Y50R,0,1
P13,13,Blue,20,1,S05Y50R,0,1
P13,13,Red,20,1,S05G50Y,0,1
P13,13,Green,20,1,S05G50Y,0,1
P13,13,D65,40,2,S05Y50R,0,1
P13,13,Blue,40,2,S05Y50R,0,1
P13,13,Red,40,2,S05G50Y,0,1
P13,13,Green,40,2,S05N,1,1
P13,13,D65,60,3,S05N,1,1
P13,13,Blue,60,3,S05Y50R,0,1
P13,13,Red,60,3,S05G50Y,0,1
P13,13,Green,60,3,S05N,1,1
P13,13,D65,80,4,S05N,1,1
P13,13,Blue,80,4,S05Y50R,0,1
P13,13,Red,80,4,S05G50Y,0,1
P13,13,Green,80,4,S05N,1,1
P13,13,D65,100,5,S05N,1,1
P13,13,Blue,100,5,S05Y50R,0,1
P13,13,Red,100,5,S05G50Y,0,1
P13,13,Green,100,5,S05N,1,1
P13,13,D65,120,6,S05N,1,1
P13,13,Blue,120,6,S05Y50R,0,1
P13,13,Red,120,6,S05G50Y,0,1
P13,13,Green,120,6,S05N,1,1
P14,14,Green,20,1,S05N,1,1
P14,14,Red,20,1,S05G,0,1
P14,14,D65,20,1,S05N,1,1
P14,14,Blue,20,1,S05Y,0,1
P14,14,Green,40,2,S05N,1,1
P14,14,Red,40,2,S05N,1,1
P14,14,D65,40,2,S05N,1,1
P14,14,Blue,40,2,S05N,1,1
P14,14,Green,60,3,S05N,1,1
P14,14,Red,60,3,S05G50Y,0,1
P14,14,D65,60,3,S05N,1,1
P14,14,Blue,60,3,S05N,1,1
P14,14,Green,80,4,S05N,1,1
P14,14,Red,80,4,S05G,0,1
P14,14,D65,80,4,S05N,1,1
P14,14,Blue,80,4,S05N,1,1
P14,14,Green,100,5,S05R,0,1
P14,14,Red,100,5,S05G50Y,0,1
P14,14,D65,100,5,S05N,1,1
P14,14,Blue,100,5,S05N,1,1
P14,14,Green,120,6,S05N,1,1
P14,14,Red,120,6,S05G50Y,0,1
P14,14,D65,120,6,S05N,1,1
P14,14,Blue,120,6,S05N,1,1
P15,15,Blue,20,1,S05B,0,1
P15,15,Red,20,1,S05B,0,1
P15,15,D65,20,1,S05G,0,1
P15,15,Green,20,1,S05B50G,0,1
P15,15,Blue,40,2,S05G,0,1
P15,15,Red,40,2,S05B50G,0,1
P15,15,D65,40,2,S05R50B,0,1
P15,15,Green,40,2,S05B50G,0,1
P15,15,Blue,60,3,S05N,1,1
P15,15,Red,60,3,S05B50G,0,1
P15,15,D65,60,3,S05B50G,0,1
P15,15,Green,60,3,S05G,0,1
P15,15,Blue,80,4,S05N,1,1
P15,15,Red,80,4,S05B50G,0,1
P15,15,D65,80,4,S05B,0,1
P15,15,Green,80,4,S05R50B,0,1
P15,15,Blue,100,5,S05N,1,1
P15,15,Red,100,5,S05G,0,1
P15,15,D65,100,5,S05B,0,1
P15,15,Green,100,5,S05B50G,0,1
P15,15,Blue,120,6,S05N,1,1
P15,15,Red,120,6,S05B50G,0,1
P15,15,D65,120,6,S05B50G,0,1
P15,15,Green,120,6,S05G,0,1
P16,16,Green,20,1,S05G,0,1
P16,16,D65,20,1,S05G,0,1
P16,16,Red,20,1,S05G,0,1
P16,16,Blue,20,1,S05Y50R,0,1
P16,16,Green,40,2,S05N,1,1
P16,16,D65,40,2,S05G,0,1
P16,16,Red,40,2,S05G,0,1
P16,16,Blue,40,2,S05G50Y,0,1
P16,16,Green,60,3,S05N,1,1
P16,16,D65,60,3,S05G,0,1
P16,16,Red,60,3,S05G,0,1
P16,16,Blue,60,3,S05G50Y,0,1
P16,16,Green,80,4,S05N,1,1
P16,16,D65,80,4,S05G,0,1
P16,16,Red,80,4,S05G,0,1
P16,16,Blue,80,4,S05N,1,1
P16,16,Green,100,5,S05N,1,1
P16,16,D65,100,5,S05N,1,1
P16,16,Red,100,5,S05G,0,1
P16,16,Blue,100,5,S05N,1,1
P16,16,Green,120,6,S05N,1,1
P16,16,D65,120,6,S05N,1,1
P16,16,Red,120,6,S05B50G,0,1
P16,16,Blue,120,6,S05N,1,1
P17,17,D65,20,1,S05R,0,1
P17,17,Red,20,1,S05G,0,1
P17,17,Green,20,1,S05R,0,1
P17,17,Blue,20,1,S05G50Y,0,1
P17,17,D65,40,2,S05N,1,1
P17,17,Red,40,2,S05G50Y,0,1
P17,17,Green,40,2,S05R,0,1
P17,17,Blue,40,2,S05Y,0,1
P17,17,D65,60,3,S05N,1,1
P17,17,Red,60,3,S05N,1,1
P17,17,Green,60,3,S05R50B,0,1
P17,17,Blue,60,3,S05Y,0,1
P17,17,D65,80,4,S05N,1,1
P17,17,Red,80,4,S05G50Y,0,1
P17,17,Green,80,4,S05N,1,1
P17,17,Blue,80,4,S05Y,0,1
P17,17,D65,100,5,S05N,1,1
P17,17,Red,100,5,S05G50Y,0,1
P17,17,Green,100,5,S05R,0,1
P17,17,Blue,100,5,S05Y,0,1
P17,17,D65,120,6,S05G,0,1
P17,17,Red,120,6,S05G50Y,0,1
P17,17,Green,120,6,S05N,1,1
P17,17,Blue,120,6,S05Y,0,1
P18,18,Green,20,1,S05R50B,0,1
P18,18,Red,20,1,S05G,0,1
P18,18,Blue,20,1,S05R,0,1
P18,18,D65,20,1,S05B50G,0,1
P18,18,Green,40,2,S05R50B,0,1
P18,18,Red,40,2,S05G,0,1
P18,18,Blue,40,2,S05N,1,1
P18,18,D65,40,2,S05B50G,0,1
P18,18,Green,60,3,S05R50B,0,1
P18,18,Red,60,3,S05B,0,1
P18,18,Blue,60,3,S05N,1,1
P18,18,D65,60,3,S05G,0,1
P18,18,Green,80,4,S05R50B,0,1
P18,18,Red,80,4,S05B50G,0,1
P18,18,Blue,80,4,S05R50B,0,1
P18,18,D65,80,4,S05B50G,0,1
P18,18,Green,100,5,S05R50B,0,1
P18,18,Red,100,5,S05B50G,0,1
P18,18,Blue,100,5,S05N,1,1
P18,18,D65,100,5,S05B50G,0,1
P18,18,Green,120,6,S05R50B,0,1
P18,18,Red,120,6,S05B50G,0,1
P18,18,Blue,120,6,S05N,1,1
P18,18,D65,120,6,S05N,1,1
P19,19,Green,20,1,S05R,0,1
P19,19,Blue,20,1,S05R,0,1
P19,19,Red,20,1,S05G50Y,0,1
P19,19,D65,20,1,S05R,0,1
P19,19,Green,40,2,S05R50B,0,1
P19,19,Blue,40,2,S05R,0,1
P19,19,Red,40,2,S05G50Y,0,1
P19,19,D65,40,2,S05N,1,1
P19,19,Green,60,3,S05R50B,0,1
P19,19,Blue,60,3,S05Y50R,0,1
P19,19,Red,60,3,S05G50Y,0,1
P19,19,D65,60,3,S05R50B,0,1
P19,19,Green,80,4,S05R50B,0,1
P19,19,Blue,80,4,S05R,0,1
P19,19,Red,80,4,S05G50Y,0,1
P19,19,D65,80,4,S05R50B,0,1
P19,19,Green,100,5,S05R,0,1
P19,19,Blue,100,5,S05Y50R,0,1
P19,19,Red,100,5,S05G50Y,0,1
P19,19,D65,100,5,S05N,1,1
P19,19,Green,120,6,S05R,0,1
P19,19,Blue,120,6,S05Y50R,0,1
P19,19,Red,120,6,S05G50Y,0,1
P19,19,D65,120,6,S05N,1,1
P20,20,Green,20,1,S05R50B,0,1
P20,20,D65,20,1,S05N,1,1
P20,20,Blue,20,1,S05R,0,1
P20,20,Red,20,1,S05B,0,1
P20,20,Green,40,2,S05N,1,1
P20,20,D65,40,2,S05N,1,1
P20,20,Blue,40,2,S05N,1,1
P20,20,Red,40,2,S05G,0,1
P20,20,Green,60,3,S05N,1,1
P20,20,D65,60,3,S05N,1,1
P20,20,Blue,60,3,S05N,1,1
P20,20,Red,60,3,S05G,0,1
P20,20,Green,80,4,S05N,1,1
P20,20,D65,80,4,S05N,1,1
P20,20,Blue,80,4,S05N,1,1
P20,20,Red,80,4,S05G,0,1
P20,20,Green,100,5,S05N,1,1
P20,20,D65,100,5,S05N,1,1
P20,20,Blue,100,5,S05N,1,1
P20,20,Red,100,5,S05G,0,1
P20,20,Green,120,6,S05N,1,1
P20,20,D65,120,6,S05N,1,1
P20,20,Blue,120,6,S05N,1,1
P20,20,Red,120,6,S05B50G,0,1
P21,21,Red,20,1,S05G,0,1
P21,21,D65,20,1,S05G,0,1
P21,21,Green,20,1,error,0,0
P21,21,Blue,20,1,S05G,0,1
P21,21,Red,40,2,S05B50G,0,1
P21,21,D65,40,2,S05B50G,0,1
P21,21,Green,40,2,S05N,1,1
P21,21,Blue,40,2,S05G,0,1
P21,21,Red,60,3,S05G,0,1
P21,21,D65,60,3,S05G,0,1
P21,21,Green,60,3,S05B50G,0,1
P21,21,Blue,60,3,S05G,0,1
P21,21,Red,80,4,S05B50G,0,1
P21,21,D65,80,4,S05N,1,1
P21,21,Green,80,4,S05G,0,1
P21,21,Blue,80,4,S05G,0,1
P21,21,Red,100,5,S05G,0,1
P21,21,D65,100,5,S05B,0,1
P21,21,Green,100,5,S05B,0,1
P21,21,Blue,100,5,S05N,1,1
P21,21,Red,120,6,S05B50G,0,1
P21,21,D65,120,6,S05G,0,1
P21,21,Green,120,6,S05B50G,0,1
P21,21,Blue,120,6,S05N,1,1
P22,22,Blue,20,1,S05R50B,0,1
P22,22,Red,20,1,S05G,0,1
P22,22,D65,20,1,S05R50B,0,1
P22,22,Green,20,1,S05R50B,0,1
P22,22,Blue,40,2,S05R50B,0,1
P22,22,Red,40,2,S05B50G,0,1
P22,22,D65,40,2,S05R50B,0,1
P22,22,Green,40,2,S05R50B,0,1
P22,22,Blue,60,3,S05R50B,0,1
P22,22,Red,60,3,S05G,0,1
P22,22,D65,60,3,S05N,1,1
P22,22,Green,60,3,S05B,0,1
P22,22,Blue,80,4,S05N,1,1
P22,22,Red,80,4,S05G,0,1
P22,22,D65,80,4,S05B50G,0,1
P22,22,Green,80,4,S05R50B,0,1
P22,22,Blue,100,5,S05R50B,0,1
P22,22,Red,100,5,S05G,0,1
P22,22,D65,100,5,S05B50G,0,1
P22,22,Green,100,5,S05R50B,0,1
P22,22,Blue,120,6,S05R50B,0,1
P22,22,Red,120,6,S05G,0,1
P22,22,D65,120,6,S05B50G,0,1
P22,22,Green,120,6,S05R50B,0,1
P23,23,Red,20,1,S05G,0,1
P23,23,Green,20,1,S05R,0,1
P23,23,Blue,20,1,S05N,1,1
P23,23,D65,20,1,S05B50G,0,1
P23,23,Red,40,2,error,0,0
P23,23,Green,40,2,S05N,1,1
P23,23,Blue,40,2,S05N,1,1
P23,23,D65,40,2,S05G,0,1
P23,23,Red,60,3,S05N,1,1
P23,23,Green,60,3,S05N,1,1
P23,23,Blue,60,3,S05B50G,0,1
P23,23,D65,60,3,S05G,0,1
P23,23,Red,80,4,S05G50Y,0,1
P23,23,Green,80,4,S05N,1,1
P23,23,Blue,80,4,S05Y,0,1
P23,23,D65,80,4,S05N,1,1
P23,23,Red,100,5,S05G50Y,0,1
P23,23,Green,100,5,S05N,1,1
P23,23,Blue,100,5,S05N,1,1
P23,23,D65,100,5,S05N,1,1
P23,23,Red,120,6,S05G50Y,0,1
P23,23,Green,120,6,S05N,1,1
P23,23,Blue,120,6,S05N,1,1
P23,23,D65,120,6,S05N,1,1
P24,24,Green,20,1,S05R50B,0,1
P24,24,D65,20,1,S05B,0,1
P24,24,Blue,20,1,S05G,0,1
P24,24,Red,20,1,S05G,0,1
P24,24,Green,40,2,S05R50B,0,1
P24,24,D65,40,2,S05N,1,1
P24,24,Blue,40,2,S05N,1,1
P24,24,Red,40,2,S05B50G,0,1
P24,24,Green,60,3,S05R50B,0,1
P24,24,D65,60,3,S05N,1,1
P24,24,Blue,60,3,S05N,1,1
P24,24,Red,60,3,S05B50G,0,1
P24,24,Green,80,4,S05B50G,0,1
P24,24,D65,80,4,S05N,1,1
P24,24,Blue,80,4,S05N,1,1
P24,24,Red,80,4,S05B,0,1
P24,24,Green,100,5,S05R50B,0,1
P24,24,D65,100,5,S05N,1,1
P24,24,Blue,100,5,S05N,1,1
P24,24,Red,100,5,S05B50G,0,1
P24,24,Green,120,6,S05R50B,0,1
P24,24,D65,120,6,S05R50B,0,1
P24,24,Blue,120,6,S05N,1,1
P24,24,Red,120,6,S05G,0,1
P25,25,Red,20,1,S05R50B,0,1
P25,25,Green,20,1,S05R,0,1
P25,25,Blue,20,1,S05N,1,1
P25,25,D65,20,1,S05N,1,1
P25,25,Red,40,2,S05B,0,1
P25,25,Green,40,2,S05N,1,1
P25,25,Blue,40,2,S05N,1,1
P25,25,D65,40,2,S05N,1,1
P25,25,Red,60,3,S05B,0,1
P25,25,Green,60,3,S05N,1,1
P25,25,Blue,60,3,S05N,1,1
P25,25,D65,60,3,S05N,1,1
P25,25,Red,80,4,S05B,0,1
P25,25,Green,80,4,S05R50B,0,1
P25,25,Blue,80,4,S05N,1,1
P25,25,D65,80,4,S05N,1,1
P25,25,Red,100,5,S05B50G,0,1
P25,25,Green,100,5,S05N,1,1
P25,25,Blue,100,5,S05N,1,1
P25,25,D65,100,5,S05N,1,1
P25,25,Red,120,6,S05B50G,0,1
P25,25,Green,120,6,S05N,1,1
P25,25,Blue,120,6,S05N,1,1
P25,25,D65,120,6,S05N,1,1
P26,26,Red,20,1,S05B50G,0,1
P26,26,Blue,20,1,S05R,0,1
P26,26,D65,20,1,S05B50G,0,1
P26,26,Green,20,1,S05R50B,0,1
P26,26,Red,40,2,S05B50G,0,1
P26,26,Blue,40,2,S05R,0,1
P26,26,D65,40,2,S05N,1,1
P26,26,Green,40,2,S05N,1,1
P26,26,Red,60,3,S05B50G,0,1
P26,26,Blue,60,3,S05R,0,1
P26,26,D65,60,3,S05N,1,1
P26,26,Green,60,3,S05N,1,1
P26,26,Red,80,4,S05G,0,1
P26,26,Blue,80,4,S05N,1,1
P26,26,D65,80,4,S05N,1,1
P26,26,Green,80,4,S05R50B,0,1
P26,26,Red,100,5,S05G,0,1
P26,26,Blue,100,5,S05N,1,1
P26,26,D65,100,5,S05N,1,1
P26,26,Green,100,5,S05N,1,1
P26,26,Red,120,6,error,0,0
P26,26,Blue,120,6,S05N,1,1
P26,26,D65,120,6,S05N,1,1
P26,26,Green,120,6,S05N,1,1
P27,27,Green,20,1,S05R50B,0,1
P27,27,Blue,20,1,S05N,1,1
P27,27,Red,20,1,S05B50G,0,1
P27,27,D65,20,1,S05R50B,0,1
P27,27,Green,40,2,S05R50B,0,1
P27,27,Blue,40,2,S05G50Y,0,1
P27,27,Red,40,2,S05G,0,1
P27,27,D65,40,2,S05B50G,0,1
P27,27,Green,60,3,S05R50B,0,1
P27,27,Blue,60,3,S05Y,0,1
P27,27,Red,60,3,S05G,0,1
P27,27,D65,60,3,S05G,0,1
P27,27,Green,80,4,S05N,1,1
P27,27,Blue,80,4,S05Y,0,1
P27,27,Red,80,4,S05B50G,0,1
P27,27,D65,80,4,S05N,1,1
P27,27,Green,100,5,S05N,1,1
P27,27,Blue,100,5,S05N,1,1
P27,27,Red,100,5,S05G,0,1
P27,27,D65,100,5,S05N,1,1
P27,27,Green,120,6,S05R50B,0,1
P27,27,Blue,120,6,S05N,1,1
P27,27,Red,120,6,S05G,0,1
P27,27,D65,120,6,S05N,1,1
P28,28,Green,20,1,S05R,0,1
P28,28,D65,20,1,S05N,1,1
P28,28,Red,20,1,S05G,0,1
P28,28,Blue,20,1,S05R,0,1
P28,28,Green,40,2,S05R,0,1
P28,28,D65,40,2,S05N,1,1
P28,28,Red,40,2,S05N,1,1
P28,28,Blue,40,2,S05N,1,1
P28,28,Green,60,3,S05R,0,1
P28,28,D65,60,3,S05N,1,1
P28,28,Red,60,3,S05N,1,1
P28,28,Blue,60,3,S05N,1,1
P28,28,Green,80,4,S05G50Y,0,1
P28,28,D65,80,4,S05N,1,1
P28,28,Red,80,4,S05N,1,1
P28,28,Blue,80,4,S05N,1,1
P28,28,Green,100,5,S05R,0,1
P28,28,D65,100,5,S05N,1,1
P28,28,Red,100,5,S05N,1,1
P28,28,Blue,100,5,S05N,1,1
P28,28,Green,120,6,S05R,0,1
P28,28,D65,120,6,S05R,0,1
P28,28,Red,120,6,S05N,1,1
P28,28,Blue,120,6,S05N,1,1
P29,29,Blue,20,1,S05Y50R,0,1
P29,29,D65,20,1,S05G,0,1
P29,29,Red,20,1,S05R,0,1
P29,29,Green,20,1,S05G,0,1
P29,29,Blue,40,2,S05Y,0,1
P29,29,D65,40,2,S05B,0,1
P29,29,Red,40,2,S05G,0,1
P29,29,Green,40,2,S05R50B,0,1
P29,29,Blue,60,3,S05Y,0,1
P29,29,D65,60,3,S05G,0,1
P29,29,Red,60,3,S05G50Y,0,1
P29,29,Green,60,3,S05B,0,1
P29,29,Blue,80,4,S05G50Y,0,1
P29,29,D65,80,4,S05N,1,1
P29,29,Red,80,4,S05G,0,1
P29,29,Green,80,4,S05B,0,1
P29,29,Blue,100,5,S05Y,0,1
P29,29,D65,100,5,S05N,1,1
P29,29,Red,100,5,S05G,0,1
P29,29,Green,100,5,S05R50B,0,1
P29,29,Blue,120,6,S05Y,0,1
P29,29,D65,120,6,S05N,1,1
P29,29,Red,120,6,S05G,0,1
P29,29,Green,120,6,S05N,1,1
P30,30,Blue,20,1,S05R,0,1
P30,30,D65,20,1,S05N,1,1
P30,30,Red,20,1,S05G,0,1
P30,30,Green,20,1,S05R50B,0,1
P30,30,Blue,40,2,S05N,1,1
P30,30,D65,40,2,S05N,1,1
P30,30,Red,40,2,S05G,0,1
P30,30,Green,40,2,S05R50B,0,1
P30,30,Blue,60,3,S05R50B,0,1
P30,30,D65,60,3,S05N,1,1
P30,30,Red,60,3,S05G,0,1
P30,30,Green,60,3,S05N,1,1
P30,30,Blue,80,4,S05N,1,1
P30,30,D65,80,4,S05N,1,1
P30,30,Red,80,4,S05G,0,1
P30,30,Green,80,4,S05G,0,1
P30,30,Blue,100,5,S05N,1,1
P30,30,D65,100,5,S05N,1,1
P30,30,Red,100,5,S05B50G,0,1
P30,30,Green,100,5,S05N,1,1
P30,30,Blue,120,6,S05N,1,1
P30,30,D65,120,6,S05N,1,1
P30,30,Red,120,6,S05B,0,1
P30,30,Green,120,6,S05N,1,1
P31,31,Blue,20,1,S05N,1,1
P31,31,D65,20,1,S05R50B,0,1
P31,31,Green,20,1,S05R50B,0,1
P31,31,Red,20,1,S05B50G,0,1
P31,31,Blue,40,2,S05R,0,1
P31,31,D65,40,2,S05N,1,1
P31,31,Green,40,2,S05R50B,0,1
P31,31,Red,40,2,S05G,0,1
P31,31,Blue,60,3,S05R,0,1
P31,31,D65,60,3,S05R50B,0,1
P31,31,Green,60,3,S05R50B,0,1
P31,31,Red,60,3,S05B50G,0,1
P31,31,Blue,80,4,S05N,1,1
P31,31,D65,80,4,S05N,1,1
P31,31,Green,80,4,S05R50B,0,1
P31,31,Red,80,4,S05G,0,1
P31,31,Blue,100,5,S05R,0,1
P31,31,D65,100,5,S05N,1,1
P31,31,Green,100,5,S05R50B,0,1
P31,31,Red,100,5,S05G,0,1
P31,31,Blue,120,6,S05N,1,1
P31,31,D65,120,6,S05N,1,1
P31,31,Green,120,6,S05R50B,0,1
P31,31,Red,120,6,S05G,0,1
P32,32,D65,20,1,S05B,0,1
P32,32,Green,20,1,S05N,1,1
P32,32,Red,20,1,S05G,0,1
P32,32,Blue,20,1,S05R,0,1
P32,32,D65,40,2,S05N,1,1
P32,32,Green,40,2,S05R50B,0,1
P32,32,Red,40,2,S05G,0,1
P32,32,Blue,40,2,S05N,1,1
P32,32,D65,60,3,S05N,1,1
P32,32,Green,60,3,S05R50B,0,1
P32,32,Red,60,3,S05B,0,1
P32,32,Blue,60,3,S05N,1,1
P32,32,D65,80,4,S05N,1,1
P32,32,Green,80,4,S05R50B,0,1
P32,32,Red,80,4,S05B,0,1
P32,32,Blue,80,4,S05N,1,1
P32,32,D65,100,5,S05N,1,1
P32,32,Green,100,5,S05R50B,0,1
P32,32,Red,100,5,S05N,1,1
P32,32,Blue,100,5,S05R,0,1
P32,32,D65,120,6,S05N,1,1
P32,32,Green,120,6,S05R50B,0,1
P32,32,Red,120,6,S05B,0,1
P32,32,Blue,120,6,S05N,1,1
P33,33,Red,20,1,S05B50G,0,1
P33,33,Green,20,1,S05R50B,0,1
P33,33,Blue,20,1,S05B,0,1
P33,33,D65,20,1,S05B50G,0,1
P33,33,Red,40,2,S05G,0,1
P33,33,Green,40,2,S05R50B,0,1
P33,33,Blue,40,2,S05N,1,1
P33,33,D65,40,2,S05B,0,1
P33,33,Red,60,3,S05G,0,1
P33,33,Green,60,3,S05R50B,0,1
P33,33,Blue,60,3,S05N,1,1
P33,33,D65,60,3,S05B50G,0,1
P33,33,Red,80,4,S05G,0,1
P33,33,Green,80,4,S05R50B,0,1
P33,33,Blue,80,4,S05N,1,1
P33,33,D65,80,4,S05B50G,0,1
P33,33,Red,100,5,S05G,0,1
P33,33,Green,100,5,S05R50B,0,1
P33,33,Blue,100,5,S05N,1,1
P33,33,D65,100,5,S05B50G,0,1
P33,33,Red,120,6,S05G,0,1
P33,33,Green,120,6,S05R50B,0,1
P33,33,Blue,120,6,S05N,1,1
P33,33,D65,120,6,S05B50G,0,1
P34,34,Green,20,1,S05R50B,0,1
P34,34,Blue,20,1,S05R50B,0,1
P34,34,Red,20,1,S05G,0,1
P34,34,D65,20,1,S05N,1,1
P34,34,Green,40,2,S05R50B,0,1
P34,34,Blue,40,2,S05N,1,1
P34,34,Red,40,2,S05G,0,1
P34,34,D65,40,2,S05N,1,1
P34,34,Green,60,3,S05R50B,0,1
P34,34,Blue,60,3,S05R50B,0,1
P34,34,Red,60,3,S05B50G,0,1
P34,34,D65,60,3,S05N,1,1
P34,34,Green,80,4,S05R50B,0,1
P34,34,Blue,80,4,S05R50B,0,1
P34,34,Red,80,4,S05G,0,1
P34,34,D65,80,4,S05N,1,1
P34,34,Green,100,5,S05R50B,0,1
P34,34,Blue,100,5,S05N,1,1
P34,34,Red,100,5,S05G,0,1
P34,34,D65,100,5,S05R50B,0,1
P34,34,Green,120,6,S05R50B,0,1
P34,34,Blue,120,6,S05N,1,1
P34,34,Red,120,6,S05G50Y,0,1
P34,34,D65,120,6,S05R50B,0,1
P35,35,D65,20,1,S05R,0,1
P35,35,Red,20,1,S05G50Y,0,1
P35,35,Blue,20,1,S05R,0,1
P35,35,Green,20,1,S05N,1,1
P35,35,D65,40,2,S05B50G,0,1
P35,35,Red,40,2,S05G50Y,0,1
P35,35,Blue,40,2,S05N,1,1
P35,35,Green,40,2,S05R,0,1
P35,35,D65,60,3,S05R,0,1
P35,35,Red,60,3,S05G50Y,0,1
P35,35,Blue,60,3,S05N,1,1
P35,35,Green,60,3,S05R,0,1
P35,35,D65,80,4,S05N,1,1
P35,35,Red,80,4,S05G50Y,0,1
P35,35,Blue,80,4,S05N,1,1
P35,35,Green,80,4,S05N,1,1
P35,35,D65,100,5,S05N,1,1
P35,35,Red,100,5,S05G50Y,0,1
P35,35,Blue,100,5,S05N,1,1
P35,35,Green,100,5,S05N,1,1
P35,35,D65,120,6,S05N,1,1
P35,35,Red,120,6,S05N,1,1
P35,35,Blue,120,6,S05N,1,1
P35,35,Green,120,6,S05N,1,1
P36,36,D65,20,1,S05N,1,1
P36,36,Blue,20,1,S05N,1,1
P36,36,Red,20,1,S05Y50R,0,1
P36,36,Green,20,1,S05G,0,1
P36,36,D65,40,2,S05N,1,1
P36,36,Blue,40,2,S05N,1,1
P36,36,Red,40,2,S05Y50R,0,1
P36,36,Green,40,2,S05G,0,1
P36,36,D65,60,3,S05N,1,1
P36,36,Blue,60,3,S05R,0,1
P36,36,Red,60,3,S05R50B,0,1
P36,36,Green,60,3,S05G,0,1
P36,36,D65,80,4,S05N,1,1
P36,36,Blue,80,4,S05R50B,0,1
P36,36,Red,80,4,S05R,0,1
P36,36,Green,80,4,S05G50Y,0,1
P36,36,D65,100,5,S05R,0,1
P36,36,Blue,100,5,S05R50B,0,1
P36,36,Red,100,5,S05R,0,1
P36,36,Green,100,5,S05G,0,1
P36,36,D65,120,6,S05N,1,1
P36,36,Blue,120,6,S05B,0,1
P36,36,Red,120,6,S05R,0,1
P36,36,Green,120,6,S05G50Y,0,1
P37,37,Blue,20,1,S05N,1,1
P37,37,Red,20,1,S05G,0,1
P37,37,Green,20,1,error,0,0
P37,37,D65,20,1,error,0,0
P37,37,Blue,40,2,S05N,1,1
P37,37,Red,40,2,S05B50G,0,1
P37,37,Green,40,2,S05R50B,0,1
P37,37,D65,40,2,S05B50G,0,1
P37,37,Blue,60,3,S05G,0,1
P37,37,Red,60,3,S05G,0,1
P37,37,Green,60,3,S05N,1,1
P37,37,D65,60,3,S05N,1,1
P37,37,Blue,80,4,S05B,0,1
P37,37,Red,80,4,S05B50G,0,1
P37,37,Green,80,4,S05B50G,0,1
P37,37,D65,80,4,S05B50G,0,1
P37,37,Blue,100,5,S05B50G,0,1
P37,37,Red,100,5,S05B,0,1
P37,37,Green,100,5,S05N,1,1
P37,37,D65,100,5,S05N,1,1
P37,37,Blue,120,6,S05B50G,0,1
P37,37,Red,120,6,S05B,0,1
P37,37,Green,120,6,S05N,1,1
P37,37,D65,120,6,S05N,1,1
P38,38,Blue,20,1,S05Y,0,1
P38,38,Green,20,1,S05N,1,1
P38,38,Red,20,1,S05B50G,0,1
P38,38,D65,20,1,S05N,1,1
P38,38,Blue,40,2,S05R50B,0,1
P38,38,Green,40,2,S05R50B,0,1
P38,38,Red,40,2,S05G,0,1
P38,38,D65,40,2,S05R50B,0,1
P38,38,Blue,60,3,S05N,1,1
P38,38,Green,60,3,S05R50B,0,1
P38,38,Red,60,3,S05B50G,0,1
P38,38,D65,60,3,S05N,1,1
P38,38,Blue,80,4,S05N,1,1
P38,38,Green,80,4,S05R50B,0,1
P38,38,Red,80,4,S05B50G,0,1
P38,38,D65,80,4,S05N,1,1
P38,38,Blue,100,5,S05N,1,1
P38,38,Green,100,5,S05R50B,0,1
P38,38,Red,100,5,S05G,0,1
P38,38,D65,100,5,S05N,1,1
P38,38,Blue,120,6,S05N,1,1
P38,38,Green,120,6,S05R50B,0,1
P38,38,Red,120,6,S05B50G,0,1
P38,38,D65,120,6,S05B50G,0,1
P39,39,Blue,20,1,S05N,1,1
P39,39,Green,20,1,S05N,1,1
P39,39,Red,20,1,S05B50G,0,1
P39,39,D65,20,1,S05N,1,1
P39,39,Blue,40,2,S05N,1,1
P39,39,Green,40,2,S05N,1,1
P39,39,Red,40,2,S05G,0,1
P39,39,D65,40,2,S05N,1,1
P39,39,Blue,60,3,S05N,1,1
P39,39,Green,60,3,S05N,1,1
P39,39,Red,60,3,S05G,0,1
P39,39,D65,60,3,S05N,1,1
P39,39,Blue,80,4,S05N,1,1
P39,39,Green,80,4,S05N,1,1
P39,39,Red,80,4,S05N,1,1
P39,39,D65,80,4,S05R,0,1
P39,39,Blue,100,5,S05N,1,1
P39,39,Green,100,5,S05N,1,1
P39,39,Red,100,5,S05N,1,1
P39,39,D65,100,5,S05N,1,1
P39,39,Blue,120,6,S05N,1,1
P39,39,Green,120,6,S05N,1,1
P39,39,Red,120,6,S05N,1,1
P39,39,D65,120,6,S05N,1,1
P40,40,Red,20,1,S05G,0,1
P40,40,Green,20,1,S05N,1,1
P40,40,Blue,20,1,S05N,1,1
P40,40,D65,20,1,S05N,1,1
P40,40,Red,40,2,S05B50G,0,1
P40,40,Green,40,2,S05N,1,1
P40,40,Blue,40,2,S05N,1,1
P40,40,D65,40,2,S05G,0,1
P40,40,Red,60,3,S05B50G,0,1
P40,40,Green,60,3,S05N,1,1
P40,40,Blue,60,3,S05N,1,1
P40,40,D65,60,3,S05G,0,1
P40,40,Red,80,4,S05B,0,1
P40,40,Green,80,4,S05N,1,1
P40,40,Blue,80,4,S05N,1,1
P40,40,D65,80,4,S05N,1,1
P40,40,Red,100,5,S05G,0,1
P40,40,Green,100,5,S05N,1,1
P40,40,Blue,100,5,S05N,1,1
P40,40,D65,100,5,S05N,1,1
P40,40,Red,120,6,S05G,0,1
P40,40,Green,120,6,S05N,1,1
P40,40,Blue,120,6,S05N,1,1
P40,40,D65,120,6,S05N,1,1
